20181102194205_75.jpg,https://detail.tmall.com/item.htm?id=14719843874&ali_refid=a3_430583_1006:1103280080:N:%E9%99%B6%E7%93%B7%E8%8A%B1%E7%93%B6:,景德镇陶瓷花瓶摆件客厅插花仿古官窑花器古典中式家居装饰品瓷器
20181102194346_3.jpg,https://detail.tmall.com/item.htm?spm=a230r.1.14.20.699368c6TEmPOW&id=542982272735&ns=1&abbucket=14,大益 益工坊 陶瓷 瓷器 玩器系列 无光白茶叶罐
20181102194459_55.jpg,https://detail.tmall.com/item.htm?spm=a230r.1.14.14.51fc2b05v9eDrU&id=559388611721&cm_id=140105335569ed55e27b&abbucket=14,北欧简约现代花瓶摆件家居饰品客厅酒柜装饰品摆件创意陶瓷鹿摆件
20181102194606_88.jpg,https://detail.tmall.com/item.htm?spm=a230r.1.14.38.51fc2b05v9eDrU&id=573302202382&ns=1&abbucket=14,景德镇陶瓷花瓶摆件客厅插花新中式仿古瓷器手绘青花瓷装饰工艺品
20181102194702_18.jpg,https://detail.tmall.com/item.htm?spm=a230r.1.14.46.51fc2b05v9eDrU&id=556154614495&ns=1&abbucket=14,景德镇陶瓷仿古手绘青花瓷大花瓶摆件插花新中式客厅装饰工艺礼品
20181102194752_77.jpg,https://detail.tmall.com/item.htm?spm=a230r.1.14.66.51fc2b05v9eDrU&id=578090879541&ns=1&abbucket=14,景德镇陶瓷摆件手绘大花瓶插干花中式办公室客厅玄关工艺礼品摆设
20181102194955_10.jpg,https://detail.tmall.com/item.htm?spm=a230r.1.14.222.51fc2b05v9eDrU&id=558081583164&ns=1&abbucket=14,景德镇粉彩瓷器大师手绘中式手工花瓶陶瓷摆件客厅玄关装饰工艺品
20190508074222_84.jpg,http://www.1111.com,很好看的陶瓷
20190508074248_96.jpg,http://www.taoci.com,非常好看的陶瓷
20190508074336_5.jpg,http://www.taoci.com,美丽的蒸锅
20190508074414_60.jpg,http://www.dengyayun.com/wxcnbba,这个小姐姐真好看！
